{
  "project_info": {
    "project_number": "296861973012",
    "firebase_url": "https://logfrog-1b3ca.firebaseio.com",
    "project_id": "logfrog-1b3ca",
    "storage_bucket": "logfrog-1b3ca.appspot.com"
  },
  "client": [
    {
      "client_info": {
        "mobilesdk_app_id": "1:296861973012:android:04001dadb6234c28",
        "android_client_info": {
          "package_name": "whitworthuniversity.logfrog"
        }
      },
      "oauth_client": [
        {
          "client_id": "296861973012-s0v67a56qop3d0bkaj1imdio8ah0j7md.apps.googleusercontent.com",
          "client_type": 1,
          "android_info": {
            "package_name": "whitworthuniversity.logfrog",
            "certificate_hash": "e56601d79b0380fea7c3df52914b45bee29a4c55"
          }
        },
        {
          "client_id": "296861973012-5ks5n95mgkenmb1rhb0cffp5c4gltes4.apps.googleusercontent.com",
          "client_type": 3
        }
      ],
      "api_key": [
        {
          "current_key": "AIzaSyAy7A7XljxeaPF7grdvdciQeJxw5Kua5hY"
        }
      ],
      "services": {
        "analytics_service": {
          "status": 1
        },
        "appinvite_service": {
          "status": 2,
          "other_platform_oauth_client": [
            {
              "client_id": "296861973012-5ks5n95mgkenmb1rhb0cffp5c4gltes4.apps.googleusercontent.com",
              "client_type": 3
            }
          ]
        },
        "ads_service": {
          "status": 2
        }
      }
    }
  ],
  "configuration_version": "1"
}